Age,DailyRate,HourlyRate,MonthlyIncome,MonthlyRate,NumCompaniesWorked,TotalWorkingYears,YearsAtCompany,YearsInCurrentRole,YearsSinceLastPromotion,Attrition
41,1102,94,5993,19479,8,8,6,4,0,Yes
49,279,61,5130,24907,1,10,10,7,1,No
37,1373,92,2090,2396,6,7,0,0,0,Yes
33,1392,56,2909,23159,1,8,8,7,3,No
27,591,40,3468,16632,9,6,2,2,2,No
32,1005,79,3068,11864,0,8,7,7,3,No
59,1324,81,2670,9964,4,12,1,0,0,No
30,1358,67,2693,13335,1,1,1,0,0,No
38,216,44,9526,8787,0,10,9,7,1,No
36,1299,94,5237,16577,6,17,7,7,7,No
35,809,84,2426,16479,0,6,5,4,0,No
29,153,49,4193,12682,0,10,9,5,0,No
31,670,31,2911,15170,1,5,5,2,4,No
34,1346,93,2661,8758,0,3,2,2,1,No
28,103,50,2028,12947,5,6,4,2,0,Yes
29,1389,51,9980,10195,1,10,10,9,8,No
32,334,80,3298,15053,0,7,6,2,0,No
22,1123,96,2935,7324,1,1,1,0,0,No
53,1219,78,15427,22021,2,31,25,8,3,No
38,371,45,3944,4306,5,6,3,2,1,No
24,673,96,4011,8232,0,5,4,2,1,No
36,1218,82,3407,6986,7,10,5,3,0,Yes
34,419,53,11994,21293,0,13,12,6,2,No
21,391,96,1232,19281,1,0,0,0,0,No
34,699,83,2960,17102,2,8,4,2,1,Yes
53,1282,58,19094,10735,4,26,14,13,4,No
32,1125,72,3919,4681,1,10,10,2,6,Yes
42,691,48,6825,21173,0,10,9,7,4,No
44,477,42,10248,2094,3,24,22,6,5,No
46,705,83,18947,22822,3,22,2,2,2,No
33,924,78,2496,6670,4,7,1,1,0,No
44,1459,41,6465,19121,2,9,4,2,1,No
30,125,83,2206,16117,1,10,10,0,1,No
39,895,56,2086,3335,3,19,1,0,0,Yes
24,813,61,2293,3020,2,6,2,0,2,Yes
43,1273,72,2645,21923,1,6,5,3,1,No
50,869,86,2683,3810,1,3,3,2,0,Yes
35,890,97,2014,9687,1,2,2,2,2,No
36,852,82,3419,13072,9,6,1,1,0,No
33,1141,42,5376,3193,2,10,5,3,1,No
35,464,75,1951,10910,1,1,1,0,0,No
27,1240,33,2341,19715,1,1,1,0,0,No
26,1357,48,2293,10558,1,1,1,0,0,Yes
27,994,37,8726,2975,1,9,9,8,1,No
30,721,58,4011,10781,1,12,12,8,3,No
41,1360,49,19545,16280,1,23,22,15,15,Yes
34,1065,72,4568,10034,0,10,9,5,8,No
37,408,73,3022,10227,4,8,1,0,0,No
46,1211,98,5772,20445,4,14,9,6,0,No
35,1229,36,2269,4892,1,1,1,0,0,No
48,626,98,5381,19294,9,23,1,0,0,Yes
28,1434,50,3441,11179,1,2,2,2,2,Yes
44,1488,75,5454,4009,5,9,4,3,1,No
35,1097,79,9884,8302,2,10,4,0,2,No
26,1443,47,4157,21436,7,5,2,2,0,No
33,515,98,13458,15146,1,15,15,14,8,No
35,853,71,9069,11031,1,9,9,8,1,No
35,1142,30,4014,16002,3,4,2,2,2,No
31,655,48,5915,9528,3,10,7,7,1,No
37,1115,51,5993,2689,1,7,7,5,0,No
32,427,33,6162,10877,1,9,9,8,7,No
38,653,50,2406,5456,1,10,10,3,9,No
50,989,43,18740,16701,5,29,27,3,13,No
59,1435,99,7637,2354,7,28,21,16,7,No
36,1223,59,10096,8202,1,17,17,14,12,No
55,836,33,14756,19730,2,21,5,0,0,No
36,1195,95,6499,22656,1,6,6,5,0,No
45,1339,59,9724,18787,2,25,1,0,0,No
35,664,79,2194,5868,4,5,3,2,1,No
36,318,79,3388,21777,0,2,1,0,0,Yes
59,1225,57,5473,24668,7,20,4,3,1,No
29,1328,76,2703,4956,0,6,5,4,0,No
31,1082,87,2501,18775,1,1,1,1,1,No
32,548,66,6220,7346,1,10,10,4,0,No
36,132,55,3038,22002,3,5,1,0,0,No
31,746,61,4424,20682,1,11,11,7,1,No
35,776,32,4312,23016,0,16,15,13,2,No
45,193,52,13245,15067,4,17,0,0,0,No
37,397,30,13664,25258,4,16,5,2,0,No
46,945,80,5021,10425,8,16,4,2,0,No
30,852,55,5126,15998,1,10,10,8,3,No
35,1214,30,2859,26278,1,6,6,4,0,No
55,111,70,10239,18092,3,24,1,0,1,No
38,573,79,5329,15717,7,17,13,11,1,No
34,1153,94,4325,17736,1,5,5,2,1,No
56,1400,49,7260,21698,4,37,6,4,0,No
23,541,62,2322,9518,3,3,0,0,0,No
51,432,96,2075,18725,3,10,4,2,0,No
30,288,99,4152,15830,1,11,11,10,10,No
46,669,64,9619,13596,1,9,9,8,4,Yes
40,530,78,13503,14115,1,22,22,3,11,No
51,632,71,5441,8423,0,11,10,7,1,No
30,1334,63,5209,19760,1,11,11,8,2,No
46,638,40,10673,3142,2,21,10,9,9,No
32,1093,87,5010,24301,1,12,11,8,5,No
54,1217,60,13549,24001,9,16,4,3,0,No
24,1353,33,4999,17519,0,4,3,2,0,No
28,120,43,4221,8863,1,5,5,4,0,No
58,682,37,13872,24409,0,38,37,10,1,No
44,489,67,2042,25043,4,17,3,2,1,No
37,807,63,2073,23648,4,7,3,2,0,Yes
32,827,71,2956,15178,1,1,1,0,0,No
20,871,66,2926,19783,1,1,1,0,1,Yes
34,665,41,4809,12482,1,16,16,13,2,No
37,1040,100,5163,15850,5,17,1,0,0,No
59,1420,32,18844,21922,9,30,3,2,2,No
50,1115,73,18172,9755,3,28,8,3,0,No
25,240,46,5744,26959,1,6,6,4,0,Yes
25,1280,64,2889,26897,1,2,2,2,2,No
22,534,59,2871,23785,1,1,0,0,0,No
51,1456,30,7484,25796,3,23,13,12,12,No
34,658,66,6074,22887,1,9,9,7,0,Yes
54,142,30,17328,13871,2,23,5,3,4,No
24,1127,52,2774,13257,0,6,5,3,1,No
34,1031,45,4505,15000,6,12,1,0,0,No
37,1189,87,7428,14506,2,12,5,3,1,No
34,1354,45,11631,5615,2,14,11,10,5,No
36,1467,92,9738,22952,0,10,9,7,2,No
36,922,39,2835,2561,5,7,1,0,0,No
43,394,92,16959,19494,1,25,25,12,4,No
30,1312,96,2613,22310,1,10,10,7,0,No
33,750,95,6146,15480,0,8,7,7,0,No
56,441,72,4963,4510,9,7,5,4,4,Yes
51,684,51,19537,6462,7,23,20,18,15,No
31,249,76,6172,20739,4,12,7,7,7,Yes
26,841,46,2368,23300,1,5,5,4,4,No
58,147,94,10312,3465,1,40,40,10,15,Yes
19,528,50,1675,26820,1,0,0,0,0,Yes
22,594,100,2523,19299,0,3,2,1,2,No
49,470,96,6567,5549,1,16,15,11,5,No
43,957,72,4739,16090,4,18,3,2,1,No
50,809,77,9208,6645,4,16,2,2,2,No
31,542,71,4559,24788,3,4,2,2,2,Yes
41,802,96,8189,21196,3,12,9,7,0,No
26,1355,61,2942,8916,1,8,8,7,5,No
36,216,84,4941,2819,6,7,3,2,0,No
51,1150,53,10650,25150,2,18,4,2,0,Yes
39,1329,47,5902,14590,4,17,15,11,5,No
25,959,41,8639,24835,2,6,2,2,2,No
30,1240,48,6347,13982,0,12,11,9,4,No
32,1033,41,4200,10224,7,10,5,4,0,Yes
45,1316,83,3452,9752,5,9,6,5,0,No
38,364,32,4317,2302,3,19,3,2,2,No
30,438,75,2632,23910,1,5,5,4,0,No
32,689,35,4668,22812,0,9,8,7,0,No
30,201,84,3204,10415,5,8,3,2,2,No
30,1427,35,2720,11162,0,6,5,3,1,No
41,857,91,17181,12888,4,21,7,6,7,No
41,933,94,2238,6961,2,7,5,0,1,No
19,1181,79,1483,16102,1,1,1,0,0,No
40,1395,54,5605,8504,1,20,20,7,2,No
35,662,94,7295,11439,1,10,10,8,0,No
53,1436,34,2306,16047,2,13,7,7,4,No
45,194,60,2348,10901,8,20,17,9,0,No
32,967,43,8998,15589,1,9,9,8,3,No
29,1496,41,4319,26283,1,10,10,7,0,No
51,1169,34,6132,13983,2,10,1,0,0,No
58,1145,75,3346,11873,4,9,1,0,0,No
40,630,67,10855,8552,7,15,12,11,2,No
34,303,75,2231,11314,6,6,4,3,1,No
22,1256,80,2323,11992,1,2,2,2,2,No
27,691,57,2024,5970,6,6,2,2,2,No
28,440,42,2713,6672,1,5,5,2,0,No
57,334,83,9439,23402,3,12,5,3,1,No
27,1450,79,2566,25326,1,1,1,1,0,No
50,1452,53,19926,17053,3,21,5,4,4,No
41,465,56,2451,4609,4,13,9,8,1,No
30,1339,41,9419,8053,2,12,10,9,7,No
38,702,59,8686,12930,4,12,8,3,0,No
32,120,43,3038,12430,3,8,5,4,1,No
27,1157,51,3058,13364,0,6,5,2,1,No
19,602,100,2325,20989,0,1,0,0,0,Yes
36,1480,30,2088,15062,4,13,8,7,7,No
30,111,66,3072,11012,1,12,12,9,6,No
45,1268,30,5006,6319,4,9,5,4,0,No
56,713,67,4257,13939,4,19,2,2,2,No
33,134,90,2500,10515,0,4,3,1,0,No
19,303,47,1102,9241,1,1,1,0,1,Yes
46,526,92,10453,2137,1,24,24,13,15,No
38,1380,75,2288,6319,1,2,2,2,2,No
31,140,95,3929,6984,8,7,4,2,0,No
34,629,95,2311,5711,2,9,3,2,1,No
41,1356,70,3140,21728,1,4,4,3,0,Yes
50,328,86,3690,3425,2,5,3,2,0,No
53,1084,57,4450,26250,1,5,4,2,1,No
33,931,72,2756,4673,1,8,8,7,1,No
40,989,46,19033,6499,1,21,20,8,9,No
55,692,61,18722,13339,8,36,24,15,2,No
34,1069,45,9547,14074,1,10,10,9,1,No
51,313,98,13734,7192,3,21,7,7,1,No
52,699,65,19999,5678,0,34,33,18,11,No
27,894,99,2279,11781,1,7,7,7,0,No
35,556,50,5916,15497,3,8,1,0,0,Yes
43,1344,37,2089,5228,4,7,5,4,2,No
45,1195,65,16792,20462,9,22,20,8,11,No
37,290,65,3564,22977,1,8,8,7,1,No
35,138,37,4425,15986,5,10,6,2,1,No
42,926,36,5265,16439,2,11,5,3,0,No
38,1261,88,6553,7259,9,14,1,0,0,No
38,1084,54,6261,4185,3,9,7,7,1,No
27,472,60,4298,9679,5,6,2,2,2,No
49,1002,92,6804,23793,1,7,7,7,1,No
34,878,43,3815,5972,1,5,5,3,2,No
40,905,99,2741,16523,8,15,7,2,3,No
38,1180,70,6673,11354,7,17,1,0,0,Yes
29,121,35,7639,24525,1,10,10,4,1,Yes
22,1136,60,2328,12392,1,4,4,2,2,No
36,635,73,2153,7703,1,8,8,1,1,No
40,1151,63,4876,14242,9,5,3,2,0,No
46,644,97,9396,12368,7,17,4,2,0,No
32,1045,32,10400,25812,1,14,14,8,9,Yes
30,829,88,8474,20925,1,12,11,8,5,No
27,1242,90,9981,12916,1,7,7,7,0,No
51,1469,81,12490,15736,5,16,10,9,4,No
30,1005,88,2657,8556,5,8,5,2,0,Yes
41,896,75,13591,14674,3,16,1,0,0,No
30,334,52,6696,22967,5,9,6,3,0,Yes
29,992,85,2058,19757,0,7,6,2,1,Yes
45,1052,57,8865,16840,6,23,19,7,12,No
54,1147,52,5940,17011,2,16,6,2,0,No
36,1396,62,5914,9945,8,16,13,11,3,No
33,147,47,2622,13248,6,7,3,2,1,No
37,663,47,12185,10056,1,10,10,8,0,No
38,119,76,10609,9647,0,17,16,10,5,No
31,979,90,4345,4381,0,6,5,4,1,No
59,142,70,2177,8456,3,7,1,0,0,No
37,319,41,2793,2539,4,13,9,8,5,No
29,1413,42,7918,6599,1,11,11,10,4,No
35,944,92,8789,9096,1,10,10,7,0,No
29,896,86,2389,14961,1,4,4,3,0,Yes
52,1323,89,3212,3300,7,6,2,2,2,No
42,532,58,19232,4933,1,22,22,17,11,No
59,818,52,2267,25657,8,7,2,2,2,No
50,854,68,19517,24118,3,32,7,0,0,No
33,813,58,2436,22149,5,8,5,4,0,Yes
43,1034,80,16064,7744,5,22,17,13,1,No
33,465,39,2707,21509,7,13,9,7,1,Yes
52,771,79,19068,21030,1,33,33,7,15,No
32,1401,56,3931,20990,2,6,4,3,1,No
32,515,62,3730,9571,0,4,3,2,1,Yes
39,1431,96,2232,15417,7,7,3,2,1,No
32,976,100,4465,12069,0,4,3,2,2,No
41,1411,36,3072,19877,2,17,1,0,0,No
40,1300,62,3319,24447,1,9,9,8,4,No
45,252,70,19202,15970,0,25,24,0,1,No
31,1327,73,13675,13523,9,9,2,2,2,No
33,832,63,2911,14776,1,2,2,2,0,No
34,470,84,5957,23687,6,13,11,9,5,No
37,1017,83,3920,18697,2,17,3,1,0,No
45,1199,77,6434,5118,4,9,3,2,0,No
37,504,61,10048,22573,6,17,1,0,0,Yes
39,505,64,10938,6420,0,20,19,6,11,No
29,665,60,2340,22673,1,6,6,5,1,No
42,916,82,6545,23016,3,10,3,2,0,No
29,1247,45,6931,10732,2,10,3,2,0,No
25,685,62,4898,7505,0,5,4,2,1,No
42,269,56,2593,8007,0,10,9,6,7,No
40,1416,49,19436,5949,0,22,21,7,3,No
51,833,96,2723,23231,1,1,1,0,0,No
31,307,71,3479,11652,0,6,5,4,1,Yes
32,1311,100,2794,26062,1,5,5,1,0,No
38,1327,39,5249,19682,3,13,8,7,7,No
32,128,84,2176,19737,4,9,6,2,0,No
46,488,75,16872,14977,3,28,7,7,7,No
28,529,79,3485,14935,2,5,0,0,0,Yes
29,1210,78,6644,3687,2,10,0,0,0,No
31,1463,64,5582,14408,0,10,9,0,7,No
25,675,85,4000,18384,1,6,6,3,1,No
45,1385,79,13496,7501,0,21,20,7,4,No
36,1403,47,3210,20251,0,16,15,13,10,No
55,452,81,19045,18938,0,37,36,10,4,No
47,666,88,11849,10268,1,10,10,7,9,Yes
28,1158,94,2070,2613,1,5,5,2,0,No
37,228,98,6502,22825,4,7,5,4,0,No
21,996,100,3230,10531,1,3,3,2,1,No
37,728,80,13603,11677,2,15,5,2,0,No
35,1315,71,11996,19100,7,10,7,7,6,No
38,322,44,5605,19191,1,8,8,0,7,No
26,1479,84,6397,26767,1,6,6,5,1,No
50,797,96,19144,15815,3,28,10,4,1,No
53,1070,45,17584,21016,3,21,5,3,1,No
42,635,99,4907,24532,1,20,20,16,11,No
29,442,44,4554,20260,1,10,10,7,0,No
55,147,37,5415,15972,3,12,10,7,0,No
26,496,60,4741,22722,1,5,5,3,3,No
37,1372,42,2115,15881,1,17,17,12,5,No
44,920,43,3161,19920,3,19,1,0,0,Yes
38,688,82,5745,18899,9,10,2,2,1,No
26,1449,45,2373,14180,2,5,3,2,0,Yes
28,1117,66,3310,4488,1,5,5,3,0,No
49,636,35,18665,25594,9,22,3,2,1,No
36,506,30,4485,26285,4,10,8,0,7,No
31,444,84,2789,3909,1,2,2,2,2,No
26,950,48,5828,8450,1,8,8,7,7,Yes
37,889,53,2326,11411,1,4,4,2,1,No
42,555,77,13525,14864,5,23,20,4,4,No
18,230,54,1420,25233,1,0,0,0,0,Yes
35,1232,96,8020,5100,0,12,11,9,6,No
36,566,81,3688,7122,4,4,1,0,0,No
51,1302,84,5482,16321,5,13,4,1,1,No
41,334,88,16015,15896,1,22,22,10,0,No
18,812,69,1200,9724,1,0,0,0,0,No
28,1476,68,5661,4824,0,9,8,3,0,No
31,218,100,6929,12241,4,10,8,7,7,No
39,1132,48,9613,10942,0,19,18,10,3,No
36,1105,47,5674,6927,7,11,9,8,0,No
32,906,91,5484,16985,1,13,13,8,4,No
38,849,81,12061,26707,3,19,10,8,0,No
58,390,32,5660,17056,2,12,5,3,1,No
31,691,86,4821,10077,0,6,5,2,0,No
31,106,62,6410,17822,3,9,2,2,1,No
45,1249,97,5210,20308,1,24,24,9,9,No
31,192,32,2695,7747,0,3,2,2,2,No
33,553,74,11878,23364,6,12,10,6,8,No
39,117,99,17068,5355,1,21,21,9,11,No
43,185,33,2455,10675,0,9,8,7,1,No
49,1091,90,13964,17810,7,25,7,1,0,No
52,723,85,4941,17747,2,11,8,2,7,Yes
27,1220,85,2478,20938,1,4,4,3,1,No
32,588,65,5228,24624,1,13,13,12,11,No
27,1377,74,4478,5242,1,5,5,4,0,No
31,691,73,7547,7143,4,13,7,7,1,No
32,1018,74,5055,10557,7,10,7,7,0,No
28,1157,84,3464,24737,5,5,3,2,2,Yes
30,1275,64,5775,11934,1,11,10,8,1,No
31,798,48,8943,14034,1,10,10,9,8,No
39,672,54,19272,21141,1,21,21,9,13,No
39,1162,41,5238,17778,4,12,1,0,0,Yes
33,508,46,4682,4317,3,9,7,7,0,No
47,1482,42,18300,16375,4,21,3,2,1,No
43,559,82,5257,6227,1,9,9,7,0,No
27,210,73,6349,22107,0,6,5,4,1,No
54,928,31,4869,16885,3,20,4,3,0,No
43,1001,43,9985,9262,8,10,1,0,0,No
45,549,75,3697,9278,9,12,10,9,9,No
40,1124,57,7457,13273,2,6,4,3,0,No
29,318,77,2119,4759,1,7,7,7,0,Yes
29,738,30,3983,7621,0,4,3,2,2,No
30,570,30,6118,5431,1,10,10,9,1,No
27,1130,56,6214,3415,1,8,8,7,0,No
37,1192,61,6347,23177,7,8,6,2,0,No
38,343,92,11510,15682,0,12,11,10,2,No
31,1232,39,7143,25713,1,11,11,9,4,No
29,144,39,8268,11866,1,7,7,7,1,No
35,1296,62,8095,18264,0,17,16,6,0,No
23,1309,83,2904,16092,1,4,4,2,0,No
41,483,95,6032,10110,6,8,5,4,1,No
47,1309,99,2976,25751,3,5,0,0,0,No
42,810,44,15992,15901,2,16,1,0,0,No
29,746,61,4649,16928,1,4,4,3,0,No
42,544,52,2696,24017,0,4,3,2,1,No
32,1062,75,2370,3956,1,8,8,0,0,No
48,530,91,12504,23978,3,15,0,0,0,No
37,1319,51,5974,17001,4,13,7,7,6,No
30,641,85,4736,6069,7,4,2,2,2,No
26,933,57,5296,20156,1,8,8,7,7,No
42,1332,98,6781,17078,3,14,1,0,0,No
21,756,99,2174,9150,1,3,3,2,1,Yes
36,845,45,6653,15276,4,7,1,0,0,No
36,541,48,9699,7246,4,16,13,9,1,No
57,593,88,6755,2967,2,15,3,2,1,No
40,1171,46,2213,22495,3,10,7,7,1,No
21,895,39,2610,2851,1,3,3,2,2,No
33,350,34,2851,9150,1,1,1,0,0,Yes
37,921,98,3452,17663,6,17,5,4,0,No
46,1144,30,5258,16044,2,7,1,0,0,No
41,143,56,9355,9558,1,8,8,7,7,Yes
50,1046,100,10496,2755,6,20,4,3,1,No
40,575,68,6380,6110,2,8,6,4,1,Yes
31,408,42,2657,7551,0,3,2,2,2,No
21,156,90,2716,25422,1,1,1,0,0,Yes
29,1283,54,2201,18168,9,6,3,2,1,No
35,755,97,6540,19394,9,10,1,1,0,No
27,1469,82,3816,17881,1,5,5,2,0,No
28,304,92,5253,20750,1,7,7,5,0,No
49,1261,31,10965,12066,8,26,5,2,0,No
51,1178,87,4936,14862,4,18,7,7,0,No
36,329,96,2543,11868,4,6,2,2,2,No
34,1362,67,5304,4652,8,9,5,2,0,Yes
55,1311,97,16659,23258,2,30,5,4,1,No
24,1371,77,4260,5915,1,5,5,2,0,No
30,202,72,2476,17434,1,1,1,0,0,No
26,575,73,3102,6582,0,7,6,4,0,Yes
22,253,43,2244,24440,1,2,2,1,1,No
36,164,61,7596,3809,1,10,10,9,9,No
30,464,40,2285,3427,9,3,1,0,0,Yes
37,1107,95,3034,26914,1,18,18,7,12,No
40,759,46,5715,22553,7,8,5,4,1,No
42,201,95,2576,20490,3,8,5,2,1,No
37,1305,49,4197,21123,2,18,1,0,0,No
43,982,59,14336,4345,1,25,25,10,3,No
40,555,78,3448,13436,6,20,1,0,0,No
54,821,86,19406,8509,4,24,4,2,1,No
34,1381,72,6538,12740,9,6,3,2,1,No
31,480,31,4306,4156,1,13,13,10,3,No
43,313,61,2258,15238,7,8,3,2,1,No
43,1473,74,4522,2227,4,8,5,2,0,No
25,891,99,4487,12090,1,5,5,4,1,No
37,1063,72,4449,23866,3,15,13,11,10,No
31,329,98,2218,16193,1,4,4,2,3,No
39,1218,52,19197,8213,1,21,21,8,1,No
56,906,86,13212,18256,9,36,7,7,7,No
30,1082,83,6577,19558,0,6,5,4,4,No
41,645,49,8392,19566,1,10,10,7,0,No
28,1300,79,4558,13535,1,10,10,0,1,No
25,688,91,4031,9396,5,6,2,2,0,Yes
52,319,39,7969,19609,2,28,5,4,0,No
45,192,69,2654,9655,3,8,2,2,0,No
52,1490,30,16555,10310,2,31,5,2,1,No
42,532,92,4556,12932,2,19,5,4,0,No
30,317,43,6091,24793,2,11,5,4,0,No
60,422,41,19566,3854,5,33,29,8,11,No
46,1485,87,4810,26314,2,19,10,7,0,No
42,1368,88,4523,4386,0,7,6,5,0,No
24,1448,62,3202,21972,1,6,5,3,1,Yes
34,296,33,2351,12253,0,3,2,2,1,Yes
38,1490,42,1702,12106,1,1,1,0,0,No
40,1398,79,18041,13022,0,21,20,15,1,No
26,1349,90,2886,3032,1,3,3,2,0,No
30,1400,53,2097,16734,4,9,5,3,1,No
29,986,93,11935,21526,1,10,10,2,0,No
29,408,71,2546,18300,5,6,2,2,1,Yes
19,489,52,2564,18437,1,1,1,0,0,Yes
30,1398,69,8412,2890,0,10,9,8,7,No
57,210,56,14118,22102,3,32,1,0,0,No
50,1099,88,17046,9314,0,28,27,10,15,No
30,1116,49,2564,7181,0,12,11,7,6,No
60,1499,80,10266,2845,4,22,18,13,13,No
47,983,65,5070,7389,5,20,5,0,0,No
46,1009,51,17861,2288,6,26,3,2,0,No
35,144,46,4230,19225,0,6,5,4,4,No
54,548,42,3780,23428,7,19,1,0,0,No
34,1303,62,2768,8416,3,14,7,3,5,No
46,1125,94,9071,11563,2,15,3,2,1,No
31,1274,33,10648,14394,1,13,13,8,0,No
33,1277,56,13610,24619,7,15,7,6,7,Yes
33,587,38,3408,6705,7,8,4,3,1,Yes
30,413,57,2983,18398,0,4,3,2,1,No
35,1276,72,7632,14295,4,10,8,7,0,No
31,534,66,9824,22908,3,12,1,0,0,Yes
34,988,43,9950,11533,9,11,3,2,0,Yes
42,1474,97,2093,9260,4,8,2,2,2,No
36,635,32,9980,15318,1,10,10,3,9,No
22,1368,99,3894,9129,5,4,2,2,1,Yes
48,163,37,4051,19658,2,14,9,7,6,No
55,1117,83,16835,9873,3,37,10,9,7,No
41,267,56,6230,13430,7,16,14,3,1,No
35,619,85,4717,18659,9,15,11,9,6,No
40,302,75,13237,20364,7,22,20,6,5,No
39,443,48,3755,17872,1,8,8,3,0,No
31,828,77,6582,8346,4,10,6,5,0,No
42,319,56,7406,6950,1,10,10,9,5,No
45,561,61,4805,16177,0,9,8,7,3,No
26,426,58,2741,22808,0,8,7,7,1,Yes
29,232,34,4262,22645,4,8,3,2,1,No
33,922,95,16184,22578,4,10,6,1,0,No
31,688,44,11557,25291,9,10,5,4,0,No
18,1306,69,1878,8059,1,0,0,0,0,Yes
40,1094,58,10932,11373,3,20,1,0,0,No
41,509,62,6811,2112,2,10,8,7,0,No
26,775,45,4306,4267,5,8,0,0,0,No
35,195,80,4859,6698,1,5,5,4,0,No
34,258,74,5337,19921,1,10,10,7,5,No
26,471,66,2340,23213,1,1,1,0,0,Yes
37,799,59,7491,23848,4,12,6,5,1,No
46,1034,86,10527,8984,5,28,2,2,1,No
41,1276,91,16595,5626,7,22,18,16,11,No
37,142,69,8834,24666,1,9,9,5,7,No
52,956,78,5577,22087,3,18,10,9,6,No
32,1474,60,4707,23914,8,6,4,2,1,Yes
24,535,38,2400,5530,0,3,2,2,2,No
38,1495,76,9824,22174,3,18,1,0,0,No
37,446,65,6447,15701,6,8,6,5,4,No
49,1245,58,19502,2125,1,31,31,9,0,No
24,691,89,2725,21630,1,6,6,5,1,No
26,703,66,6272,7428,1,6,5,3,1,No
24,823,94,2127,9100,1,1,1,0,0,No
50,1246,99,18200,7999,1,32,32,5,10,No
25,622,40,2096,26376,1,7,7,4,0,No
24,1287,55,2886,14168,1,6,6,3,1,Yes
30,448,74,2033,14470,1,1,1,0,0,Yes
34,254,83,3622,22794,1,6,6,5,1,No
31,1365,46,4233,11512,2,9,3,1,1,Yes
35,538,54,3681,14004,4,9,3,2,0,No
31,525,66,5460,6219,4,13,7,7,5,No
27,798,66,2187,5013,0,6,5,3,0,No
37,558,75,9602,3010,4,17,3,0,1,No
20,959,83,2836,11757,1,1,1,0,0,No
42,622,81,4089,5718,1,10,10,2,2,No
43,782,50,16627,2671,4,21,1,0,0,No
38,362,43,2619,14561,3,8,0,0,0,No
43,1001,72,5679,19627,3,10,8,7,4,No
48,1236,40,15402,17997,7,21,3,2,0,No
44,1112,50,5985,26894,4,10,2,2,0,No
34,204,31,2579,2912,1,8,8,2,0,No
27,1420,85,3041,16346,0,5,4,3,0,Yes
21,1343,49,3447,24444,1,3,3,2,1,No
44,1315,35,19513,9358,4,26,2,2,0,No
22,604,69,2773,12145,0,3,2,2,2,No
33,1216,39,7104,20431,0,6,5,0,1,No
32,646,92,6322,18089,1,6,6,4,0,No
30,160,71,2083,22653,1,1,1,0,0,No
53,238,34,8381,7507,7,18,14,7,8,No
34,1397,42,2691,7660,1,10,10,9,8,No
45,306,100,4286,5630,2,5,1,1,0,Yes
26,991,71,2659,17759,1,3,3,2,0,No
37,482,36,9434,9606,1,10,10,7,7,No
29,1176,62,5561,3487,1,6,6,0,1,No
35,1017,82,6646,19368,1,17,17,11,11,No
33,1296,30,7725,5335,3,15,13,11,4,No
54,397,88,10725,6729,2,16,9,7,7,No
36,913,48,8847,13934,2,13,3,2,0,No
27,1115,54,2045,15174,0,5,4,2,1,No
20,1362,32,1009,26999,1,1,1,0,1,Yes
33,1076,70,3348,3164,1,10,10,8,9,Yes
35,727,41,1281,16900,1,1,1,0,0,No
23,885,58,2819,8544,2,5,3,2,0,No
25,810,57,4851,15678,0,4,3,2,1,No
38,243,46,4028,7791,0,8,7,7,0,No
29,806,76,2720,18959,1,10,10,7,2,No
48,817,56,8120,18597,3,12,2,2,2,No
27,1410,71,4647,16673,1,6,6,5,0,No
37,1225,80,4680,15232,3,4,1,0,0,No
50,1207,74,3221,3297,1,20,20,8,3,No
34,1442,46,8621,17654,1,9,8,7,7,No
24,693,65,4577,24785,9,4,2,2,2,Yes
39,408,80,4553,20978,1,20,20,7,11,No
32,929,55,5396,21703,1,10,10,7,0,No
50,562,50,6796,23452,3,18,4,3,1,Yes
38,827,33,7625,19383,0,10,9,7,1,No
27,608,68,7412,6009,1,9,9,7,0,No
32,1018,39,11159,19373,3,10,7,7,7,No
47,703,42,4960,11825,2,20,7,7,1,No
40,580,48,10475,23772,5,20,18,13,1,No
53,970,59,14814,13514,3,32,5,1,1,No
41,427,73,19141,8861,3,23,21,6,12,No
60,1179,84,5405,11924,8,10,2,2,2,No
27,294,32,8793,4809,1,9,9,7,1,No
41,314,59,19189,19562,1,22,22,7,2,No
50,316,54,3875,9983,7,4,2,2,2,No
28,654,67,2216,3872,7,10,7,7,3,Yes
36,427,63,11713,20335,9,10,8,7,0,No
38,168,81,7861,15397,4,10,1,0,0,No
44,381,49,3708,2104,2,9,5,2,1,No
47,217,49,13770,10225,9,28,22,2,11,No
30,501,99,5304,25275,7,10,8,7,7,No
29,1396,99,2642,2755,1,1,1,0,0,No
42,933,57,2759,20366,6,7,2,2,2,Yes
43,775,47,6804,23683,3,7,2,2,2,No
34,970,96,6142,7360,3,10,5,1,4,No
23,650,37,2500,4344,1,5,4,3,0,No
39,141,44,6389,18767,9,12,8,3,3,No
56,832,81,11103,20420,7,30,10,7,1,No
40,804,86,2342,22929,0,5,4,2,2,No
27,975,55,6811,23398,8,9,7,6,0,No
29,1090,83,2297,17967,1,2,2,2,2,No
53,346,86,2450,10919,2,19,2,2,2,No
35,1225,61,5093,4761,2,16,1,0,0,No
32,430,80,5309,21146,1,10,10,8,4,No
38,268,92,3057,20471,6,6,1,0,0,No
34,167,32,5121,4187,3,7,0,0,0,No
52,621,31,16856,10084,1,34,34,6,1,No
33,527,63,2686,5207,1,10,10,9,7,Yes
25,883,32,6180,22807,1,6,6,5,1,No
45,954,46,6632,12388,0,9,8,7,3,No
23,310,79,3505,19630,1,2,2,2,0,No
47,719,77,6397,10339,4,8,5,4,1,Yes
34,304,60,6274,18686,1,6,6,5,1,No
55,725,78,19859,21199,5,24,5,2,1,Yes
36,1434,76,7587,14229,1,10,10,7,0,No
52,715,41,4258,26589,0,5,4,3,1,No
26,575,71,4364,5288,3,5,2,2,2,No
29,657,66,4335,25549,4,11,8,7,1,No
26,1146,38,5326,3064,6,6,4,3,1,Yes
34,182,72,3280,13551,2,10,4,2,1,No
54,376,95,5485,22670,9,9,5,3,1,No
27,829,84,4342,24008,0,5,4,2,1,No
37,571,82,2782,19905,0,6,5,3,4,No
38,240,75,5980,26085,6,17,15,7,4,No
34,121,86,4381,7530,1,6,6,5,1,No
35,384,72,2572,20317,1,3,3,2,0,No
30,921,38,3833,24375,3,7,2,2,0,No
40,791,38,4244,9931,1,8,8,7,3,No
34,1111,93,6500,13305,5,6,3,2,1,No
42,570,66,18430,16225,1,24,24,7,14,No
23,1243,63,1601,3445,1,1,0,0,0,Yes
24,1092,60,2694,26551,1,1,1,0,0,No
52,1325,82,3149,21821,8,9,5,2,1,No
50,691,64,17639,6881,5,30,4,3,0,No
29,805,36,2319,6689,1,1,1,0,0,Yes
33,213,49,11691,25995,0,14,13,9,3,No
33,118,69,5324,26507,5,6,3,2,0,Yes
47,202,33,16752,12982,1,26,26,14,3,No
36,676,35,5228,23361,0,10,9,7,0,No
29,1252,81,2700,23779,1,10,10,7,0,No
58,286,31,19246,25761,7,40,31,15,13,Yes
35,1258,40,2506,13301,3,7,2,2,2,No
42,932,43,6062,4051,9,8,4,3,0,No
28,890,46,4382,16374,6,5,2,2,2,Yes
36,1041,36,2143,25527,4,8,5,2,0,No
32,859,98,6162,19124,1,14,14,13,6,No
40,720,51,5094,11983,6,10,1,0,0,No
30,946,52,6877,20234,5,12,0,0,0,No
45,252,95,2274,6153,1,1,1,0,0,No
42,933,98,4434,11806,1,10,9,8,7,No
38,471,45,6288,4284,2,13,4,3,1,No
34,702,100,2553,8306,1,6,5,2,1,No
49,1184,43,7654,5860,1,9,9,8,7,Yes
55,436,37,5160,21519,4,12,9,7,7,Yes
43,589,94,17159,5200,6,22,4,1,1,No
27,269,42,12808,8842,1,9,9,8,0,No
35,950,59,10221,18869,3,17,8,5,1,No
28,760,81,4779,3698,1,8,8,7,7,No
34,829,88,3737,2243,0,4,3,2,0,No
26,887,88,2366,20898,1,8,8,7,1,Yes
27,443,50,1706,16571,1,0,0,0,0,No
51,1318,66,16307,5594,2,29,20,6,4,No
44,625,50,5933,5197,9,10,5,2,2,No
25,180,65,3424,21632,7,6,4,3,0,No
33,586,48,4037,21816,1,9,9,8,0,No
35,1343,53,2559,17852,1,6,6,5,1,No
36,928,56,6201,2823,1,18,18,14,4,No
32,117,73,4403,9250,2,8,5,2,0,No
30,1012,75,3761,2373,9,10,5,4,0,No
53,661,78,10934,20715,7,35,5,2,0,No
45,930,74,10761,19239,4,18,5,4,0,No
32,638,91,5175,22162,5,9,5,3,1,No
52,890,81,13826,19028,3,31,9,8,0,No
37,342,66,6334,24558,4,9,1,0,0,No
28,1169,63,4936,23965,1,6,5,1,0,No
22,1230,33,4775,19146,6,4,2,2,2,No
44,986,62,2818,5044,2,10,3,2,0,No
42,1271,35,2515,9068,5,8,2,1,2,No
36,1278,77,2342,8635,0,6,5,4,0,No
25,141,98,4194,14363,1,5,5,3,0,No
35,607,66,10685,23457,1,17,17,14,5,No
35,130,96,2022,16612,1,10,10,2,7,Yes
32,300,61,2314,9148,0,4,3,0,0,No
25,583,87,4256,18154,1,5,5,2,0,No
49,1418,36,3580,10554,2,7,4,2,0,No
24,1269,46,3162,10778,0,6,5,2,3,No
32,379,48,6524,8891,1,10,10,8,5,No
38,395,98,2899,12102,0,3,2,2,1,No
42,1265,95,5231,23726,2,17,5,3,1,No
31,1222,48,2356,14871,3,8,6,4,0,No
29,341,48,2800,23522,6,5,3,2,0,Yes
53,868,73,11836,22789,5,28,2,0,2,No
35,672,78,10903,9129,3,16,13,10,4,No
37,1231,54,2973,21222,5,10,5,4,0,No
53,102,72,14275,20206,6,33,12,9,3,No
43,422,33,5562,21782,4,12,5,2,2,No
47,249,35,4537,17783,0,8,7,6,7,No
37,1252,32,7642,4814,1,10,10,0,0,No
50,881,98,17924,4544,1,31,31,6,14,No
39,1383,42,5204,7790,8,13,5,4,0,No
33,1075,57,2277,22650,3,7,4,3,0,No
32,374,87,2795,18016,1,1,1,0,0,Yes
29,1086,62,2532,6054,6,8,4,3,0,No
44,661,61,2559,7508,1,8,8,7,7,No
28,821,98,4908,24252,1,4,4,2,0,No
58,781,57,2380,13384,9,3,1,0,0,Yes
43,177,55,4765,23814,4,4,1,0,0,No
20,500,49,2044,22052,1,2,2,2,0,Yes
21,1427,65,2693,8870,1,1,1,0,0,Yes
36,1425,68,6586,4821,0,17,16,8,4,No
47,1454,65,3294,13137,1,3,3,2,1,No
22,617,34,4171,10022,0,4,3,2,0,Yes
41,1085,57,2778,17725,4,10,7,7,1,Yes
28,995,77,2377,9834,5,6,2,2,2,No
39,1122,70,2404,4303,7,8,2,2,2,Yes
27,618,76,2318,17808,1,1,1,1,0,No
34,546,83,2008,6896,1,1,1,0,1,No
42,462,68,6244,7824,7,10,5,4,0,No
33,1198,100,2799,3339,3,6,3,2,0,No
58,1272,37,10552,9255,2,24,6,0,0,No
31,154,41,2329,11737,3,13,7,7,5,No
35,1137,51,4014,19170,1,10,10,6,0,No
49,527,51,7403,22477,4,29,26,9,1,No
48,1469,51,2259,5543,4,13,0,0,0,No
31,1188,45,6932,24406,1,9,9,8,0,No
36,188,65,4678,23293,2,8,6,2,0,No
38,1333,80,13582,16292,1,15,15,12,5,No
32,1184,70,2332,3974,6,5,3,0,0,No
25,867,36,2413,18798,1,1,1,0,0,Yes
40,658,67,9705,20652,2,11,1,0,0,No
26,1283,52,4294,11148,1,7,7,7,0,No
41,263,59,4721,3119,2,20,18,13,2,No
36,938,79,2519,12287,4,16,11,8,3,No
19,419,37,2121,9947,1,1,1,0,0,Yes
20,129,84,2973,13008,1,1,1,0,0,Yes
31,616,41,5855,17369,0,10,9,7,8,No
40,1469,35,3617,25063,8,3,1,1,0,No
32,498,93,6725,13554,1,8,8,7,6,No
36,530,51,10325,5518,1,16,16,7,3,Yes
33,1069,42,6949,12291,0,6,5,0,1,No
37,625,46,10609,14922,5,17,14,1,11,Yes
45,805,57,4447,23163,1,9,9,7,0,No
29,1404,84,2157,18203,1,3,3,1,0,No
35,1219,86,4601,6179,1,5,5,2,1,No
52,1053,70,17099,13829,2,26,9,8,7,No
58,289,51,2479,26227,4,7,1,0,0,Yes
53,1376,45,14852,13938,6,22,17,13,15,No
30,231,62,7264,9977,5,10,8,4,7,No
38,152,85,5666,19899,1,6,5,3,1,No
35,882,92,7823,6812,6,12,10,9,0,No
39,903,41,7880,2560,0,9,8,7,0,No
40,1479,100,13194,17071,4,22,1,0,0,Yes
47,1379,64,5067,6759,1,20,19,10,2,No
36,1229,84,5079,25952,4,12,7,7,0,No
31,335,46,2321,10322,0,4,3,2,1,Yes
33,722,38,17444,20489,1,10,10,8,6,No
29,906,92,2404,11479,6,3,0,0,0,Yes
33,461,53,3452,17241,3,5,3,2,0,No
45,974,91,2270,11005,3,8,5,3,0,No
50,1126,66,17399,6615,9,32,5,4,1,No
33,827,84,5488,20161,1,6,6,5,1,No
41,840,64,19419,3735,2,21,18,16,0,No
27,1134,37,2811,12086,9,4,2,2,2,No
45,248,42,3633,14039,1,9,9,8,0,No
47,955,83,4163,8571,1,9,9,0,0,No
30,138,48,2132,11539,4,7,5,2,0,Yes
50,939,95,13973,4161,3,22,12,11,1,No
38,1391,66,2684,12127,0,3,2,1,0,No
46,566,75,10845,24208,6,13,8,7,0,No
24,1206,41,4377,24117,1,5,4,2,3,No
35,622,39,3743,10074,1,5,4,2,0,Yes
31,853,96,4148,11275,1,4,4,3,0,No
18,287,73,1051,13493,1,0,0,0,0,No
54,1441,56,10739,13943,8,22,10,7,0,No
35,583,57,10388,6975,1,16,16,10,10,No
30,153,73,11416,17802,0,9,8,7,1,No
20,1097,98,2600,18275,1,1,1,0,0,Yes
30,109,60,2422,25725,0,4,3,2,1,Yes
26,1066,32,5472,3334,1,8,8,7,1,No
22,217,94,2451,6881,1,4,4,3,1,No
48,277,97,4240,13119,2,19,2,2,2,No
48,1355,78,10999,22245,7,27,15,11,4,No
41,549,42,5003,23371,6,8,2,2,2,No
39,466,65,12742,7060,1,21,21,6,11,No
27,1055,47,4227,4658,0,4,3,2,2,No
35,802,45,3917,9541,1,3,3,2,1,No
42,265,90,18303,7770,6,21,1,0,0,No
50,804,64,2380,20165,4,8,1,0,0,No
59,715,69,13726,21829,3,30,5,3,4,No
37,1141,61,4777,14382,5,15,1,0,0,Yes
55,135,62,6385,12992,3,17,8,7,6,No
41,247,55,19973,20284,1,21,21,16,5,No
38,1035,42,6861,4981,8,19,1,0,0,No
26,265,79,4969,21813,8,7,2,2,2,Yes
52,266,57,19845,25846,1,33,32,14,6,Yes
44,1448,53,13320,11737,3,23,12,11,11,No
50,145,95,6347,24920,0,19,18,7,0,No
36,885,43,2743,8269,1,18,17,13,15,Yes
39,945,82,10880,5083,1,21,21,6,2,No
33,1038,88,2342,21437,0,3,2,2,2,No
45,1234,90,17650,5404,3,26,9,3,1,No
32,1109,69,4025,11135,9,10,8,7,7,No
34,216,75,9725,12278,0,16,15,1,0,No
59,1089,66,11904,11038,3,14,6,4,0,No
45,788,36,2177,8318,1,6,6,3,0,No
53,124,38,7525,23537,2,30,15,7,6,No
36,660,81,4834,7858,7,9,1,0,0,Yes
26,342,57,2042,15346,6,6,3,2,1,Yes
34,1333,87,2220,18410,1,1,1,1,0,No
28,1144,74,1052,23384,1,1,1,0,0,No
38,1186,44,2821,2997,3,8,2,2,2,No
50,1464,62,19237,12853,2,29,8,1,7,No
37,124,35,4107,13848,3,8,4,3,0,No
40,300,74,8396,22217,1,8,7,7,7,No
26,921,66,2007,25265,1,5,5,3,1,No
46,430,40,19627,21445,9,23,2,2,2,No
54,1082,41,10686,8392,6,13,9,4,7,No
56,1240,63,2942,12154,2,18,5,4,0,No
36,796,51,8858,15669,0,15,14,8,7,No
55,444,40,16756,17323,7,31,9,7,6,No
43,415,79,10798,5268,5,18,1,0,0,No
20,769,54,2323,17205,1,2,2,2,0,Yes
21,1334,36,1416,17258,1,1,1,0,1,Yes
46,1003,74,4615,21029,8,19,16,13,1,No
51,1323,34,2461,10332,9,18,10,0,2,Yes
28,1366,72,8722,12355,1,10,10,7,1,Yes
26,192,59,3955,11141,1,6,5,3,1,No
30,1176,85,9957,9096,0,7,6,2,0,No
41,509,43,3376,18863,1,10,10,6,0,No
38,330,65,8823,24608,0,20,19,9,1,No
40,1492,61,10322,26542,4,14,11,10,11,No
27,1277,87,4621,5869,1,3,3,2,1,No
55,1091,65,10976,15813,3,23,3,2,1,No
28,857,59,3660,7909,3,10,8,7,1,No
44,1376,91,10482,2326,9,24,20,6,3,Yes
33,654,34,7119,21214,4,9,3,2,1,No
35,1204,86,9582,10333,0,9,8,7,4,Yes
33,827,54,4508,3129,1,14,13,7,3,Yes
28,895,50,2207,22482,1,4,4,2,2,No
34,618,45,7756,22266,0,7,6,2,0,No
37,309,88,6694,24223,2,8,1,0,0,No
25,1219,32,3691,4605,1,7,7,7,5,Yes
26,1330,37,2377,19373,1,1,1,1,0,Yes
33,1017,55,2313,2993,4,5,2,2,2,Yes
42,469,35,17665,14399,0,23,22,6,13,No
28,1009,45,2596,7160,1,1,1,0,0,Yes
50,959,81,4728,17251,3,5,0,0,0,Yes
33,970,30,4302,13401,0,4,3,2,0,No
34,697,40,2979,22478,3,6,0,0,0,No
48,1262,35,16885,16154,2,27,5,4,2,No
45,1050,65,5593,17970,1,15,15,10,4,No
52,994,87,10445,15322,7,18,8,6,4,No
38,770,73,8740,5569,0,9,8,7,2,No
29,1107,93,2514,26968,4,11,7,5,1,No
28,950,93,7655,8039,0,10,9,7,1,No
46,406,52,17465,15596,3,23,12,9,4,No
38,130,32,7351,20619,7,10,1,0,0,No
43,1082,83,10820,11535,8,18,8,7,0,No
39,203,84,12169,13547,7,21,18,7,11,Yes
40,1308,44,19626,17544,1,21,20,7,4,No
21,984,70,2070,25326,1,2,2,2,2,No
39,439,70,6782,8770,9,9,5,4,0,No
36,217,78,7779,23238,2,18,11,9,0,No
31,793,67,2791,21981,0,3,2,2,2,No
28,1451,67,3201,19911,0,6,5,3,0,No
35,1182,54,4968,18500,1,5,5,2,0,No
49,174,56,13120,11879,6,22,9,8,2,No
34,1003,95,4033,15834,2,5,3,2,0,No
29,490,61,3291,17940,0,8,7,5,1,No
42,188,56,4272,9558,4,16,1,0,0,No
29,718,79,5056,17689,1,10,10,7,1,No
38,433,37,2844,6004,1,7,7,6,5,No
28,773,39,2703,22088,1,3,3,1,0,No
18,247,80,1904,13556,1,0,0,0,0,Yes
33,603,77,8224,18385,0,6,5,2,0,Yes
41,167,46,4766,9051,3,6,1,0,0,No
31,874,72,2610,6233,1,2,2,2,2,Yes
37,367,52,5731,17171,7,9,6,2,1,No
27,199,55,2539,7950,1,4,4,2,2,No
34,1400,70,5714,5829,1,6,6,5,1,No
35,528,100,4323,7108,1,6,5,4,1,No
29,408,45,7336,11162,1,11,11,8,3,Yes
40,593,88,13499,13782,9,20,18,7,2,No
42,481,44,13758,2447,0,22,21,9,13,Yes
42,647,45,5155,2253,7,9,6,4,1,No
35,982,58,2258,16340,6,10,8,0,1,No
24,477,49,3597,6409,8,6,4,3,1,No
28,1485,79,2515,22955,1,1,1,1,0,Yes
26,1384,82,4420,13421,1,8,8,7,0,No
30,852,72,6578,2706,1,10,10,3,1,No
40,902,92,4422,21203,3,16,1,1,0,No
35,819,44,10274,19588,2,15,7,7,6,No
34,669,97,5343,25755,0,14,13,9,4,No
35,636,47,2376,26537,1,2,2,2,2,No
43,1372,85,5346,9489,8,7,4,3,1,Yes
32,862,76,2827,14947,1,1,1,0,0,No
56,718,92,19943,18575,4,28,5,2,4,No
29,1401,54,3131,26342,1,10,10,8,0,No
19,645,54,2552,7172,1,1,1,1,0,No
45,1457,83,4477,20100,4,7,3,2,0,No
37,977,56,6474,9961,1,14,14,8,3,No
20,805,87,3033,12828,1,2,2,2,1,No
44,1097,96,2936,10826,1,6,6,4,0,Yes
53,1223,50,18606,18640,3,26,7,7,4,No
29,942,69,2168,26933,0,6,5,4,1,No
22,1256,48,2853,4223,0,1,0,0,0,Yes
46,1402,69,17048,24097,8,28,26,15,15,No
44,111,74,2290,4279,2,6,0,0,0,No
33,147,99,3600,8429,1,5,5,4,1,No
41,906,95,2107,20293,6,5,1,0,0,Yes
30,1329,61,4115,13192,8,8,4,3,0,No
40,1184,62,4327,25440,5,5,0,0,0,No
50,1421,30,17856,9490,2,32,2,2,2,No
28,1179,78,3196,12449,1,6,6,5,3,No
46,1450,52,19081,10849,5,25,4,2,0,No
35,1361,94,8966,21026,3,15,7,7,1,No
24,984,97,2210,3372,1,1,1,0,0,Yes
33,1146,82,4539,4905,1,10,10,7,0,No
36,917,60,2741,6865,1,7,7,7,1,No
30,853,49,3491,11309,1,10,10,7,8,No
44,200,32,4541,7744,1,20,20,11,13,No
20,654,43,2678,5050,1,2,2,1,2,No
46,150,60,7379,17433,2,12,6,3,1,No
42,179,79,6272,12858,7,10,4,3,0,No
60,696,52,5220,10893,0,12,11,7,1,No
32,116,77,2743,7331,1,2,2,2,2,No
32,1316,38,4998,2338,4,10,8,7,0,No
36,363,77,10252,4235,2,17,7,7,7,No
33,117,60,2781,6311,0,15,14,10,4,No
40,107,84,6852,11591,7,7,5,1,1,No
25,1356,57,4950,20623,0,5,4,3,1,No
30,1465,63,3579,9369,0,12,11,9,5,No
42,458,60,13191,23281,3,20,1,0,0,No
35,1212,78,10377,13755,4,16,13,2,4,No
27,1103,42,2235,14377,1,9,9,7,6,No
54,966,53,10502,9659,7,33,5,4,1,No
44,1117,72,2011,19982,1,10,10,5,7,No
19,504,96,1859,6148,1,1,1,1,0,Yes
29,1010,97,3760,5598,1,3,3,2,1,No
54,685,85,17779,23474,3,36,10,9,0,No
31,1332,80,6833,17089,1,6,6,5,0,No
31,1062,96,6812,17198,1,10,10,9,1,No
59,326,48,5171,16490,5,13,6,1,0,No
43,920,96,19740,18625,3,25,8,7,0,No
49,1098,85,18711,12124,2,23,1,0,0,No
36,469,46,3692,9256,1,12,11,10,0,No
48,969,76,2559,16620,5,7,1,0,0,No
27,1167,76,2517,3208,1,5,5,3,0,No
29,1329,82,6623,4204,1,6,6,0,1,No
48,715,76,18265,8733,6,25,1,0,0,No
29,694,87,16124,3423,3,9,7,7,1,No
34,1320,89,2585,21643,0,2,1,0,0,No
44,1099,88,18213,8751,7,26,22,9,3,No
33,536,82,8380,21708,0,10,9,8,0,No
19,265,57,2994,21221,1,1,1,0,0,No
23,373,47,1223,16901,1,1,1,0,0,No
25,599,73,1118,8040,1,1,1,0,1,Yes
26,583,53,2875,9973,1,8,8,5,2,No
45,1449,94,18824,2493,2,26,24,10,1,Yes
55,177,37,13577,25592,1,34,33,9,15,No
21,251,45,2625,25308,1,2,2,2,2,Yes
46,168,33,18789,9946,2,26,11,4,0,No
34,131,86,4538,6039,0,4,3,2,0,No
51,237,83,19847,19196,4,31,29,10,11,No
59,1429,67,10512,20002,6,25,9,7,5,No
34,135,46,4444,22534,4,15,11,8,5,No
28,791,44,2154,6842,0,5,4,2,0,No
44,1199,92,19190,17477,1,26,25,9,14,No
34,648,56,4490,21833,4,14,10,9,1,No
35,735,66,3506,6020,0,4,3,2,2,No
42,603,78,2372,5628,6,18,1,0,0,No
43,531,56,10231,20364,3,23,21,7,15,No
36,429,53,5410,2323,9,18,16,14,5,No
44,621,73,7978,14075,1,10,10,7,0,Yes
28,193,52,3867,14222,1,2,2,2,2,No
51,968,40,2838,4257,0,8,7,0,7,No
30,879,72,4695,12858,7,10,8,4,1,No
29,806,39,3339,17285,3,10,7,7,7,Yes
28,640,84,2080,4732,2,5,3,2,1,No
25,266,40,2096,18830,1,2,2,2,2,No
32,604,56,6209,11693,1,10,10,7,0,No
45,364,83,18061,13035,3,22,0,0,0,No
39,412,94,17123,17334,6,21,19,9,15,No
58,848,88,2372,26076,1,2,2,2,2,No
32,1089,79,4883,22845,1,10,10,4,1,Yes
39,360,93,3904,22154,0,6,5,2,0,Yes
30,1138,48,4627,23631,0,10,9,2,6,No
36,325,63,7094,5747,3,10,7,7,1,No
46,991,44,3423,22957,6,10,7,6,5,No
28,1476,55,6674,16392,0,10,9,8,7,No
50,1322,43,16880,22422,4,25,3,2,1,No
40,299,57,9094,17235,2,9,5,4,1,Yes
52,1030,64,8446,21534,9,10,8,7,7,Yes
30,634,95,11916,25927,1,9,9,1,0,No
39,524,32,4534,13352,0,9,8,7,1,No
31,587,57,9852,8935,1,10,10,8,9,No
41,256,40,6151,22074,1,19,19,2,11,No
31,1060,54,2302,8319,1,3,3,2,2,Yes
44,935,89,2362,14669,4,10,3,2,1,Yes
42,495,37,17861,26582,0,21,20,8,2,No
55,282,58,19187,6992,4,23,19,9,9,No
56,206,99,19717,4022,6,36,7,3,7,No
40,458,74,3544,8532,9,6,4,2,0,No
34,943,86,8500,5494,0,10,9,7,1,No
40,523,98,4661,22455,1,9,9,8,8,No
41,1018,66,4103,4297,0,10,9,3,1,No
35,482,87,4249,2690,1,9,9,6,1,No
51,770,84,14026,17588,1,33,33,9,0,No
38,1009,31,6893,19461,3,11,7,7,1,No
34,507,66,6125,23553,1,10,10,8,9,No
25,882,67,3669,9075,3,7,3,2,1,No
58,601,53,10008,12023,7,31,10,9,5,Yes
40,329,88,2387,6762,3,7,4,2,0,No
36,607,83,4639,2261,2,17,15,7,6,No
48,855,54,7898,18706,1,11,10,9,0,No
27,1291,98,2534,6527,8,5,1,0,0,No
51,1405,82,13142,24439,3,29,5,2,0,No
18,1124,97,1611,19305,1,0,0,0,0,No
35,817,60,5363,10846,0,10,9,7,0,No
27,793,43,5071,20392,3,8,6,2,0,No
55,267,85,13695,9277,6,24,19,7,3,Yes
56,1369,68,13402,18235,4,33,19,16,15,No
34,999,92,2029,15891,1,5,5,4,0,No
40,1202,89,6377,13888,5,15,12,11,11,No
34,285,86,5429,17491,4,10,8,7,7,No
31,703,90,2785,11882,7,3,1,0,0,Yes
35,662,67,4614,23288,0,5,4,2,3,Yes
38,693,57,2610,15748,1,4,4,2,0,No
34,404,98,6687,6163,1,14,14,11,4,No
28,736,48,4724,24232,1,5,5,3,0,No
31,330,98,6179,21057,1,10,10,2,6,Yes
39,1498,44,6120,3567,3,8,5,4,1,No
51,541,52,10596,15395,2,14,4,2,3,No
41,1200,75,5467,13953,3,12,6,2,3,No
37,1439,54,2996,5182,7,8,6,4,1,No
33,1111,61,9998,19293,6,8,5,4,1,No
32,499,36,4078,20497,0,4,3,2,1,No
39,1485,71,10920,3449,3,13,6,4,0,No
25,1372,93,6232,12477,2,6,3,2,1,No
52,322,59,13247,9731,2,24,5,3,0,No
43,930,73,4081,20003,1,20,20,7,1,No
27,205,98,5769,7100,1,6,6,2,4,No
27,135,51,2394,25681,1,8,8,2,7,Yes
26,683,36,3904,4050,0,5,4,3,1,No
42,1147,31,16799,16616,0,21,20,7,0,No
52,258,54,2950,17363,9,12,5,4,0,No
37,1462,94,3629,19106,4,8,3,2,0,No
35,200,60,9362,19944,2,10,2,2,2,No
25,949,81,3229,4910,4,7,3,2,0,No
26,652,100,3578,23577,0,8,7,7,0,No
29,332,51,7988,9769,1,10,10,9,0,No
49,1475,97,4284,22710,3,20,4,3,1,Yes
29,337,84,7553,22930,0,9,8,7,7,Yes
54,971,54,17328,5652,6,29,20,7,12,No
58,1055,76,19701,22456,3,32,9,8,1,No
55,1136,81,14732,12414,2,31,7,7,0,No
36,1174,99,9278,20763,3,15,5,4,0,No
31,667,50,1359,16154,1,1,1,0,0,Yes
30,855,73,4779,12761,7,8,3,2,0,No
31,182,93,16422,8847,3,9,3,2,1,No
34,560,91,2996,20284,5,10,4,3,1,No
31,202,34,1261,22262,1,1,1,0,0,Yes
27,1377,91,2099,7679,0,6,5,0,1,No
36,172,37,5810,22604,1,10,10,4,1,No
36,329,98,5647,13494,4,11,3,2,0,No
47,465,74,3420,10205,7,17,6,5,1,No
25,383,68,4400,15182,3,6,3,2,2,Yes
37,1413,84,3500,25470,0,7,6,5,1,No
56,1255,90,2066,10494,2,5,3,2,1,No
47,359,82,17169,26703,3,26,20,17,5,No
24,1476,42,4162,15211,1,5,5,4,0,No
32,601,97,9204,23343,4,7,4,3,0,No
34,401,86,3294,3708,5,7,5,4,0,No
41,1283,90,2127,5561,2,7,4,2,0,No
40,663,81,3975,23099,3,11,8,7,0,No
31,326,31,10793,8386,1,13,13,7,9,No
46,377,52,10096,15986,4,28,7,7,4,Yes
39,592,54,3646,17181,2,11,1,0,0,Yes
31,1445,100,7446,8931,1,10,10,8,4,Yes
45,1038,95,10851,19863,2,24,7,7,0,No
31,1398,96,2109,24609,9,8,3,2,0,No
31,523,94,3722,21081,6,7,2,2,2,Yes
45,1448,55,9380,14720,4,10,3,1,1,No
48,1221,96,5486,24795,4,15,2,2,2,No
34,1107,52,2742,3072,1,2,2,2,2,Yes
40,218,55,13757,25178,2,16,9,8,4,No
28,866,84,8463,23490,0,6,5,4,1,No
44,981,90,3162,7973,3,7,5,2,0,No
53,447,39,16598,19764,4,35,9,8,8,No
49,1495,96,6651,21534,2,20,3,2,1,No
40,896,68,2345,8045,2,8,3,1,1,No
44,1467,49,3420,21158,1,6,5,2,1,No
33,430,54,4373,17456,0,5,4,3,0,No
34,1326,81,4759,15891,3,15,13,9,3,No
30,1358,96,5301,2939,8,4,2,1,2,No
42,748,74,3673,16458,1,12,12,9,5,No
44,383,79,4768,9282,7,11,1,0,0,No
30,990,64,1274,7152,1,1,1,0,0,No
57,405,93,4900,2721,0,13,12,9,2,No
49,1490,35,10466,20948,3,29,8,7,0,No
34,829,71,17007,11929,7,16,14,8,6,No
28,1496,92,2909,15747,3,5,3,2,1,Yes
29,115,51,5765,17485,5,7,5,3,0,Yes
34,790,40,4599,7815,0,16,15,9,10,Yes
35,660,76,2404,16192,1,1,1,0,0,No
24,381,89,3172,16998,2,4,0,0,0,Yes
24,830,78,2033,7103,1,1,1,0,0,No
44,1193,86,10209,19719,5,16,2,2,2,No
29,1246,77,8620,23757,1,10,10,7,0,No
30,330,46,2064,15428,0,6,5,3,1,No
55,1229,30,4035,16143,0,4,3,2,1,No
33,1099,82,3838,8192,8,8,5,4,0,No
47,571,78,4591,24200,3,11,5,4,1,No
28,289,38,2561,5355,7,8,0,0,0,Yes
28,1423,72,1563,12530,1,1,1,0,0,No
28,467,55,4898,11827,0,5,4,2,1,No
49,271,43,4789,23070,4,10,3,2,1,No
29,410,97,3180,4668,0,4,3,2,0,No
28,1083,96,6549,3173,1,8,8,6,1,No
33,516,69,6388,22049,2,14,0,0,0,No
32,495,64,11244,21072,2,10,5,2,0,No
54,1050,87,16032,24456,3,26,14,9,1,No
29,224,100,2362,7568,6,11,9,7,0,Yes
44,136,32,16328,22074,3,24,20,6,14,No
39,1089,32,8376,9150,4,9,2,0,2,No
46,228,51,16606,11380,8,23,13,12,5,No
35,1029,91,8606,21195,1,11,11,8,3,No
23,507,97,2272,24812,0,5,4,3,1,No
40,676,86,2018,21831,3,15,5,4,1,Yes
34,971,64,7083,12288,1,10,10,9,8,No
31,561,33,4084,4156,1,7,7,2,7,Yes
50,333,88,14411,24450,1,32,32,6,13,No
34,1440,55,2308,4944,0,12,11,10,5,No
42,1210,68,4841,24052,4,4,1,0,0,No
37,674,47,4285,3031,1,10,10,8,3,No
29,441,39,9715,7288,3,9,7,7,0,No
33,575,44,4320,24152,1,5,5,3,0,No
45,950,97,2132,4585,4,8,5,4,0,No
42,288,40,10124,18611,2,24,20,8,13,No
40,1342,47,5473,19345,0,9,8,4,7,No
33,589,79,5207,22949,1,15,15,14,5,No
40,898,38,16437,17381,1,21,21,7,7,No
24,350,57,2296,10036,0,2,1,1,0,No
40,1142,72,4069,8841,3,8,2,2,2,No
45,538,66,7441,20933,1,10,10,8,7,No
35,1402,98,2430,26204,0,6,5,3,4,No
32,824,67,5878,15624,3,12,7,1,2,No
36,1157,70,2644,17001,3,7,3,2,1,No
48,492,96,6439,13693,8,18,8,7,7,No
29,598,91,2451,22376,6,5,1,0,0,No
33,1242,46,6392,10589,2,8,2,2,2,No
30,740,64,9714,5323,1,10,10,8,6,Yes
38,888,71,6077,14814,3,10,6,3,1,No
35,992,68,2450,21731,1,3,3,0,1,No
30,1288,33,9250,17799,3,9,4,2,1,No
35,104,69,2074,26619,1,1,1,0,0,Yes
53,607,78,10169,14618,0,34,33,7,1,Yes
38,903,81,4855,7653,4,7,5,2,1,Yes
32,1200,62,4087,25174,4,9,6,5,1,No
48,1108,65,2367,16530,8,10,8,2,7,No
34,479,35,2972,22061,1,1,1,0,0,No
55,685,60,19586,23037,1,36,36,6,2,No
34,1351,45,5484,13008,9,9,2,2,2,No
26,474,89,2061,11133,1,1,1,0,0,No
38,1245,80,9924,12355,0,10,9,8,7,No
38,437,90,4198,16379,2,8,3,2,1,No
36,884,73,6815,21447,6,15,1,0,0,No
29,1370,87,4723,16213,1,10,10,9,1,No
35,670,51,6142,4223,3,10,5,2,0,No
39,1462,38,8237,4658,2,11,7,6,7,No
29,995,87,8853,24483,1,6,6,4,1,No
50,264,59,19331,19519,4,27,1,0,0,No
23,977,45,2073,12826,2,4,2,2,2,No
36,1302,80,5562,19711,3,9,3,2,0,No
42,1059,93,19613,26362,8,24,1,0,0,No
35,750,46,3407,25348,1,10,10,9,6,No
34,653,92,5063,15332,1,8,8,2,7,No
40,118,84,4639,11262,1,5,5,4,1,No
43,990,87,4876,5855,5,8,6,4,0,No
35,1349,63,2690,7713,1,1,1,0,0,No
46,563,56,17567,3156,1,27,26,0,0,No
28,329,51,2408,7324,1,1,1,1,0,Yes
22,457,85,2814,10293,1,4,4,2,1,No
50,1234,41,11245,20689,2,32,30,8,12,No
32,634,35,3312,18783,3,6,3,2,0,No
44,1313,31,19049,3549,0,23,22,7,1,No
30,241,48,2141,5348,1,6,6,4,1,No
45,1015,50,5769,23447,1,10,10,7,1,No
45,336,52,4385,24162,1,10,10,7,4,No
31,715,54,5332,21602,7,10,5,2,0,No
36,559,76,4663,12421,9,7,3,2,1,No
34,426,42,4724,17000,1,9,9,7,7,No
49,722,84,3211,22102,1,10,9,6,1,No
39,1387,76,5377,3835,2,10,7,7,7,No
27,1302,67,4066,16290,1,7,7,7,0,No
35,819,48,5208,26312,1,16,16,15,1,No
28,580,39,4877,20460,0,6,5,3,0,No
21,546,97,3117,26009,1,3,2,2,2,No
18,544,70,1569,18420,1,0,0,0,0,Yes
47,1176,98,19658,5220,3,27,5,2,1,No
39,170,76,3069,10302,0,11,10,8,0,No
40,884,80,10435,25800,1,18,18,15,14,No
35,208,52,4148,12250,1,15,14,11,2,No
37,671,85,5768,26493,3,9,4,3,0,No
39,711,81,5042,3140,0,10,9,2,3,No
45,1329,59,5770,5388,1,10,10,7,3,No
38,397,54,7756,14199,3,10,5,4,0,No
35,737,55,10306,21530,9,15,13,12,6,Yes
37,1470,71,3936,9953,1,8,8,4,7,No
40,448,84,7945,19948,6,18,4,2,3,No
44,602,37,5743,10503,4,14,10,7,0,No
48,365,89,15202,5602,2,23,2,2,2,No
35,763,59,5440,22098,6,7,2,2,2,Yes
24,567,32,3760,17218,1,6,6,3,1,No
27,486,86,3517,22490,7,5,3,2,0,No
27,591,87,2580,6297,2,6,4,2,1,No
40,1329,73,2166,3339,3,10,4,2,0,Yes
29,469,42,5869,23413,9,8,5,2,1,No
36,711,42,8008,22792,4,9,3,2,0,No
25,772,77,5206,4973,1,7,7,7,0,No
39,492,66,5295,7693,4,7,5,4,1,No
49,301,72,16413,3498,3,27,4,2,1,No
50,813,50,13269,21981,5,19,14,11,1,No
20,1141,31,2783,13251,1,2,2,2,2,No
34,1130,66,5433,19332,1,11,11,8,7,No
36,311,77,2013,10950,2,15,4,3,1,No
49,465,41,13966,11652,2,30,15,11,2,No
36,894,33,4374,15411,0,4,3,2,1,No
36,1040,79,6842,26308,6,13,5,4,0,No
54,584,91,17426,18685,3,36,10,8,4,No
43,1291,65,17603,3525,1,14,14,10,6,No
35,880,36,4581,10414,3,13,11,9,6,Yes
38,1189,90,4735,9867,7,19,13,11,2,No
29,991,43,4187,3356,1,10,10,0,0,No
33,392,93,5505,3921,1,6,6,2,0,No
32,977,45,5470,25518,0,10,9,5,1,No
31,1112,67,5476,22589,1,10,10,0,0,No
49,464,74,2587,24941,4,17,2,2,2,No
38,148,42,2440,23826,1,4,4,3,3,No
47,1225,47,15972,21086,6,29,3,2,1,No
49,809,36,15379,22384,4,23,8,7,0,No
41,1206,80,7082,11591,3,21,2,0,0,No
20,727,54,2728,21082,1,2,2,2,0,No
33,530,36,5368,16130,1,7,6,5,1,No
36,1351,80,5347,7419,6,10,3,2,0,No
44,528,44,3195,4167,4,8,2,2,2,No
23,1320,93,3989,20586,1,5,5,4,1,Yes
38,1495,87,3306,26176,7,7,0,0,0,No
53,1395,48,7005,3458,3,11,4,3,1,No
48,708,95,2655,11740,2,19,9,7,7,Yes
32,1259,95,1393,24852,1,1,1,0,0,Yes
26,786,76,2570,11925,1,7,7,7,5,No
55,1441,94,3537,23737,5,8,4,2,1,No
34,1157,57,3986,11912,1,15,15,10,4,No
60,370,92,10883,20467,3,19,1,0,0,No
33,267,79,2028,13637,1,14,14,11,2,No
37,1278,31,9525,7677,1,6,6,3,1,No
34,678,35,2929,20338,1,10,10,9,8,No
23,427,99,2275,25103,1,3,3,2,0,Yes
44,921,96,7879,14810,1,9,8,7,6,No
35,146,79,4930,13970,0,6,5,4,1,No
43,1179,73,7847,6069,1,10,10,9,8,No
24,581,62,4401,17616,1,5,5,3,0,No
41,918,35,9241,15869,1,10,10,8,8,No
29,1082,43,2974,25412,9,9,5,3,1,No
36,530,51,4502,7439,3,17,13,7,6,No
45,1238,74,10748,3395,3,25,23,15,14,No
24,240,58,1555,11585,1,1,1,0,0,Yes
47,1093,82,12936,24164,7,25,23,5,14,Yes
26,390,62,2305,6217,1,3,3,2,0,No
45,1005,48,16704,17119,1,21,21,6,8,No
32,585,56,3433,17360,6,10,5,2,1,No
31,741,69,3477,18103,1,6,5,2,0,No
41,552,60,6430,20794,6,10,3,2,1,No
40,369,92,6516,5041,2,18,1,0,0,No
24,506,91,3907,3622,1,6,6,2,1,No
46,717,34,5562,9697,6,19,10,7,0,No
35,1370,49,6883,5151,2,17,7,7,0,No
30,793,33,2862,3811,1,10,10,0,0,No
47,543,87,4978,3536,7,4,1,0,0,No
46,1277,74,10368,5596,4,13,10,6,0,No
36,1456,96,6134,8658,5,16,2,2,2,Yes
32,964,34,6735,12147,6,10,0,0,0,Yes
23,160,51,3295,12862,1,3,3,2,1,No
31,163,30,5238,6670,2,9,5,4,1,No
39,792,77,6472,8989,1,9,9,8,5,No
32,371,80,9610,3840,3,10,4,3,0,No
40,611,88,19833,4349,1,21,21,8,12,No
45,176,56,9756,6595,4,9,5,0,0,No
30,1312,78,4968,26427,0,10,9,7,0,No
24,897,59,2145,2097,0,3,2,2,2,No
30,600,66,2180,9732,6,6,4,2,1,Yes
31,1003,51,8346,20943,1,6,5,2,0,No
27,1054,67,3445,6152,1,6,6,2,1,No
29,428,52,2760,14630,1,2,2,2,2,Yes
29,461,70,6294,23060,8,10,3,2,0,No
30,979,94,7140,3088,2,12,7,7,1,No
34,181,97,2932,5586,0,6,5,0,1,No
33,1283,62,5147,10697,8,13,11,7,1,No
49,1313,80,4507,8191,3,8,5,1,0,No
33,211,74,8564,10092,2,11,0,0,0,Yes
38,594,75,2468,15963,4,9,6,1,0,No
31,1079,70,8161,19002,2,10,1,0,0,Yes
29,590,91,2109,10007,1,1,1,0,0,No
30,305,58,5294,9128,3,10,7,0,1,No
32,953,65,2718,17674,2,12,7,7,0,No
38,833,60,5811,24539,3,15,1,0,1,No
43,807,38,2437,15587,9,6,1,0,0,Yes
42,855,57,2766,8952,8,7,5,3,0,No
55,478,60,19038,19805,8,34,1,0,0,No
33,775,90,3055,6194,5,11,9,8,1,No
41,548,94,2289,20520,1,5,5,3,0,No
34,1375,87,4001,12313,1,15,15,14,0,No
53,661,60,12965,22308,4,27,3,2,0,No
43,244,97,3539,5033,0,10,9,7,1,No
34,511,32,6029,25353,5,6,2,2,2,No
21,337,31,2679,4567,1,1,1,0,1,Yes
38,1153,40,3702,16376,1,5,5,4,0,No
22,1294,79,2398,15999,1,1,1,0,0,Yes
31,196,91,5468,13402,1,13,12,7,5,No
51,942,53,13116,22984,2,15,2,2,2,No
37,589,46,4189,8800,1,5,5,2,0,No
46,734,46,19328,14218,7,24,2,1,2,No
36,1383,90,8321,25949,7,15,12,8,5,No
44,429,99,2342,11092,1,6,5,3,2,Yes
37,1239,89,4071,12832,2,19,10,0,4,No
35,303,84,5813,13492,1,10,10,7,7,Yes
33,867,90,3143,6076,6,14,10,8,7,No
28,1181,82,2044,5531,1,5,5,3,0,No
39,1253,65,13464,7914,7,9,4,3,2,No
46,849,98,7991,25166,8,6,2,2,2,No
40,616,99,3377,25605,4,7,4,3,0,No
42,1128,95,5538,5696,5,10,0,0,0,No
35,1180,90,5762,24442,2,15,7,7,1,No
38,1336,100,2592,7129,5,13,11,10,3,No
34,234,93,5346,6208,4,11,7,1,0,Yes
37,370,58,4213,4992,1,10,10,3,0,Yes
39,766,83,4127,19188,2,7,2,1,2,No
43,343,52,2438,24978,4,7,3,2,1,No
41,447,85,6870,15530,3,11,3,2,1,No
41,796,81,10447,26458,0,23,22,14,13,No
30,1092,64,9667,2739,9,9,7,7,0,No
26,920,69,2148,6889,0,6,5,1,1,Yes
46,261,66,8926,10842,4,13,9,7,3,Yes
40,1194,52,6513,9060,4,12,5,3,0,No
34,810,92,6799,22128,1,10,10,8,4,No
58,350,52,16291,22577,4,37,16,9,14,No
35,185,91,2705,9696,0,6,5,4,0,No
47,1001,92,10333,19271,8,28,22,11,14,No
40,750,47,4448,10748,2,15,7,4,7,No
54,431,68,6854,15696,4,14,7,1,1,No
31,1125,68,9637,8277,2,9,3,2,2,No
28,1217,67,3591,12719,1,3,3,2,1,No
38,723,77,5405,4244,2,20,4,2,0,No
26,572,46,4684,9125,1,5,5,3,1,No
58,1216,87,15787,21624,2,23,2,2,2,No
18,1431,33,1514,8018,1,0,0,0,0,No
31,359,89,2956,21495,0,2,1,0,0,Yes
29,350,56,2335,3157,4,4,2,2,2,Yes
45,589,67,5154,19665,4,10,8,7,5,No
36,430,73,6962,19573,4,15,1,0,0,No
43,1422,92,5675,19246,1,7,7,7,7,No
27,1297,53,2379,19826,0,6,5,4,0,No
29,574,40,3812,7003,1,11,11,8,3,No
32,1318,79,4648,26075,8,4,0,0,0,No
42,355,38,2936,6161,3,10,6,3,3,No
47,207,64,2105,5411,4,7,2,2,2,No
46,706,82,8578,19989,3,12,9,8,4,No
28,280,43,2706,10494,1,3,3,2,2,No
29,726,93,6384,21143,8,11,7,0,1,No
42,1142,81,3968,13624,4,8,0,0,0,No
32,414,82,9907,26186,7,7,2,2,2,Yes
46,1319,45,13225,7739,2,25,19,17,2,No
27,728,36,3540,7018,1,9,9,8,5,No
29,352,87,2804,15434,1,1,1,0,0,No
43,823,81,19392,22539,7,21,16,12,6,No
48,1224,91,19665,13583,4,29,22,10,12,No
29,459,73,2439,14753,1,1,1,0,1,Yes
46,1254,64,7314,14011,5,14,8,7,0,Yes
27,1131,77,4774,23844,0,8,7,6,7,No
39,835,41,3902,5141,8,7,2,2,2,No
55,836,98,2662,7975,8,19,5,2,0,No
28,1172,78,2856,3692,1,1,1,0,0,No
30,945,89,1081,16019,1,1,1,0,0,Yes
22,391,75,2472,26092,1,1,1,0,0,Yes
36,1266,63,5673,6060,1,10,10,9,1,No
31,311,89,4197,18624,1,10,10,8,0,No
34,1480,64,9713,24444,2,9,5,3,1,No
29,592,59,2062,19384,3,11,3,2,1,No
37,783,78,4284,13588,5,16,5,3,0,No
35,219,44,4788,25388,0,4,3,2,0,No
45,556,93,5906,23888,0,10,9,8,3,No
36,1213,94,3886,4223,1,10,10,1,0,No
40,1137,98,16823,18991,2,22,19,7,11,No
26,482,90,2933,14908,1,1,1,0,1,No
27,511,89,6500,26997,0,9,8,7,0,No
48,117,58,17174,2437,3,24,22,17,4,No
44,170,78,5033,9364,2,10,2,0,2,No
34,967,85,2307,14460,1,5,5,2,3,Yes
56,1162,97,2587,10261,1,5,4,2,1,Yes
36,335,33,5507,16822,2,12,4,2,1,No
41,337,54,4393,26841,5,14,5,4,1,No
42,1396,83,13348,14842,9,18,13,7,5,No
31,1079,86,6583,20115,2,8,5,2,1,No
34,735,75,8103,16495,3,9,4,2,0,No
31,471,62,3978,16031,8,4,2,2,2,No
26,1096,61,2544,7102,0,8,7,7,7,No
45,1297,44,5399,14511,4,12,4,2,0,No
33,217,43,5487,10410,1,10,10,4,0,No
28,783,42,6834,19255,1,7,7,7,0,No
29,746,45,1091,10642,1,1,1,0,0,Yes
39,1251,32,5736,3987,6,10,3,2,1,No
27,1354,41,2226,6073,1,6,5,3,1,No
34,735,86,5747,26496,1,16,15,10,6,No
28,1475,84,9854,23352,3,6,2,0,2,Yes
47,1169,64,5467,2125,8,16,8,7,1,No
56,1443,89,5380,20328,4,6,0,0,0,No
39,867,87,5151,12315,1,10,10,0,7,No
38,1394,58,2133,18115,1,20,20,11,0,No
58,605,72,17875,11761,4,29,1,0,0,No
32,238,47,2432,15318,3,8,4,1,0,Yes
38,1206,71,4771,14293,2,10,5,2,0,No
49,1064,42,19161,13738,3,28,5,4,4,No
42,419,77,5087,2900,3,14,0,0,0,No
27,1337,58,2863,19555,1,1,1,0,0,Yes
35,682,71,5561,15975,0,6,5,3,0,No
28,1103,49,2144,2122,1,5,5,3,1,No
31,976,48,3065,3995,1,4,4,2,2,No
36,1351,66,2810,9238,1,5,5,4,0,No
34,937,32,9888,6770,1,14,14,8,2,No
34,1239,39,8628,22914,1,9,8,7,1,No
26,157,95,2867,20006,0,8,7,7,7,No
29,136,89,5373,6225,0,6,5,3,0,No
32,1146,34,6667,16542,5,9,5,1,1,No
31,1125,48,5003,5771,1,10,10,8,8,No
28,1404,32,2367,18779,5,6,4,1,0,Yes
38,1404,59,2858,11473,4,20,1,0,0,No
35,1224,55,5204,13586,1,10,10,8,0,No
27,954,44,4105,5099,1,7,7,7,0,No
32,1373,56,9679,10138,8,8,1,0,0,No
31,754,63,5617,21075,1,10,10,7,0,Yes
53,1168,66,10448,5843,6,15,2,2,2,Yes
54,155,67,2897,22474,3,9,4,3,2,No
33,1303,36,5968,18079,1,9,9,7,2,No
43,574,30,7510,16873,1,10,10,9,0,No
38,1444,88,2991,5224,0,7,6,2,1,No
55,189,71,19636,25811,4,35,10,9,1,No
31,1276,59,1129,17536,1,1,1,0,0,No
39,119,77,13341,25098,0,21,20,8,11,No
42,335,37,4332,14811,1,20,20,9,3,No
31,697,40,11031,26862,4,13,11,7,4,No
54,157,77,4440,25198,6,9,5,2,1,No
24,771,45,4617,14120,1,4,4,3,1,No
23,571,78,2647,13672,1,5,5,2,1,No
40,692,73,6323,26849,1,10,10,9,9,No
40,444,92,5677,4258,3,15,11,8,5,No
25,309,82,2187,19655,4,6,2,0,1,No
30,911,76,3748,4077,1,12,12,8,1,No
25,977,57,3977,7298,6,7,2,2,0,No
47,1180,84,8633,13084,2,25,17,14,12,No
33,1313,59,2008,20439,1,1,1,1,0,No
38,1321,86,4440,7636,0,16,15,13,5,No
31,1154,54,3067,6393,0,3,2,2,1,No
38,508,72,5321,14284,2,10,8,3,7,No
42,557,35,5410,11189,6,9,4,3,1,No
41,642,76,2782,21412,3,12,5,3,1,No
47,1162,98,11957,17231,0,14,13,8,5,No
35,1490,43,2660,20232,7,5,2,2,2,No
22,581,63,3375,17624,0,4,3,2,1,No
35,1395,48,5098,18698,1,10,10,7,0,No
33,501,95,4878,21653,0,10,9,7,8,No
32,267,49,2837,15919,1,6,6,2,4,No
40,543,83,2406,4060,8,8,1,0,0,No
32,234,68,2269,18024,0,3,2,2,2,No
39,116,52,4108,5340,7,18,7,7,1,No
38,201,99,13206,3376,3,20,18,16,1,No
32,801,48,10422,24032,1,14,14,10,5,No
37,161,42,13744,15471,1,16,16,11,6,No
25,1382,85,4907,13684,0,6,5,3,0,No
52,585,40,3482,19788,2,16,9,8,0,No
44,1037,42,2436,13422,6,6,4,3,1,No
21,501,58,2380,25479,1,2,2,2,1,No
39,105,87,19431,15302,2,21,6,0,1,No
23,638,33,1790,26956,1,1,1,0,1,Yes
36,557,94,7644,12695,0,10,9,7,3,No
36,688,97,5131,9192,7,18,4,2,0,No
56,667,57,6306,26236,1,13,13,12,1,No
29,1092,36,4787,26124,9,4,2,2,2,Yes
42,300,56,18880,17312,5,24,22,6,4,No
56,310,72,2339,3666,8,14,10,9,9,Yes
41,582,60,13570,5640,0,21,20,7,0,No
34,704,95,6712,8978,1,8,8,7,1,No
36,301,88,5406,10436,1,15,15,12,11,No
41,930,57,8938,12227,2,14,5,4,0,No
32,529,78,2439,11288,1,4,4,2,1,No
35,1146,31,8837,16642,1,9,9,0,1,No
38,345,100,5343,5982,1,10,10,7,1,No
50,878,94,6728,14255,7,12,6,3,0,Yes
36,1120,100,6652,14369,4,8,6,3,0,No
45,374,50,4850,23333,8,8,5,3,0,No
40,1322,52,2809,2725,2,8,2,2,2,No
35,1199,80,5689,24594,1,10,10,2,0,No
40,1194,98,2001,12549,2,20,5,3,0,No
35,287,62,2977,8952,1,4,4,3,1,No
29,1378,46,4025,23679,4,10,4,3,0,No
29,468,73,3785,8489,1,5,5,4,0,No
50,410,39,10854,16586,4,20,3,2,2,Yes
39,722,60,12031,8828,0,21,20,9,9,No
31,325,74,9936,3787,0,10,9,4,1,No
26,1167,30,2966,21378,0,5,4,2,0,No
36,884,41,2571,12290,4,17,5,2,0,No
39,613,42,9991,21457,4,9,7,7,1,No
27,155,87,6142,5174,1,6,6,2,0,No
49,1023,63,5390,13243,2,17,9,6,0,No
34,628,82,4404,10228,2,6,4,3,1,No
